HOSPITAL_NAME,COPD_COUNT,PCT_OF_COPD_CASES_OVER_BEDS,AVG_SCORE,AVG_RISK
BJC,184,9.2,2.972826086956522,82
BJC WEST COUNTY,171,17.1,2.8771929824561404,82
MISSOURI BAPTIST,161,20.125,2.8260869565217392,82
SAINT LOUIS UNIVERSITY,164,16.400000000000002,3.0365853658536586,33
ST.MARY'S,156,31.2,2.8974358974358974,82
ST.LUKE'S,164,20.5,2.9146341463414633,82
